-- phpMyAdmin SQL Dump
-- version 4.9.2
-- https://www.phpmyadmin.net/
--
-- Host: 127.0.0.1:3308
-- Generation Time: Apr 29, 2020 at 07:16 PM
-- Server version: 8.0.18
-- PHP Version: 7.3.12

SET SQL_MODE = "NO_AUTO_VALUE_ON_ZERO";
SET AUTOCOMMIT = 0;
START TRANSACTION;
SET time_zone = "+00:00";


/*!40101 SET @OLD_CHARACTER_SET_CLIENT=@@CHARACTER_SET_CLIENT */;
/*!40101 SET @OLD_CHARACTER_SET_RESULTS=@@CHARACTER_SET_RESULTS */;
/*!40101 SET @OLD_COLLATION_CONNECTION=@@COLLATION_CONNECTION */;
/*!40101 SET NAMES utf8mb4 */;

--
-- Database: `ecommerce`
--

-- --------------------------------------------------------

--
-- Table structure for table `items`
--

DROP TABLE IF EXISTS `items`;
CREATE TABLE IF NOT EXISTS `items` (
  `id` int(11) NOT NULL AUTO_INCREMENT,
  `name` varchar(255) NOT NULL,
  `price` int(11) NOT NULL,
  PRIMARY KEY (`id`)
) ENGINE=MyISAM AUTO_INCREMENT=17 DEFAULT CHARSET=utf8mb4 COLLATE=utf8mb4_0900_ai_ci;

--
-- Dumping data for table `items`
--

INSERT INTO `items` (`id`, `name`, `price`) VALUES
(1, 'IPhone 6s', 40000),
(2, 'IPhone 7', 60000),
(3, 'IPhone 7 Plus', 69000),
(4, 'IPhone X', 88000),
(5, 'Samsung Galaxy S7 EDGE', 45000),
(6, 'Samsung Galaxy S8 PLUS', 65000),
(7, 'Samsung Galaxy NOTE 8 PLUS', 60000),
(8, 'Samsung Galaxy A8 ', 35000),
(9, 'ONEPLUS 3', 28000),
(10, 'ONEPLUS 3T', 31000),
(11, 'ONEPLUS 5', 34000),
(12, 'ONEPLUS 5T', 36000),
(13, 'XIAOMI REDMI NOTE 4', 13000),
(14, 'MI A1', 15000),
(15, 'MI MAX 2', 16000),
(16, 'MI MIX 2', 36000);

-- --------------------------------------------------------

--
-- Table structure for table `users`
--

DROP TABLE IF EXISTS `users`;
CREATE TABLE IF NOT EXISTS `users` (
  `id` int(11) NOT NULL AUTO_INCREMENT,
  `name` varchar(255) NOT NULL,
  `email` varchar(255) NOT NULL,
  `password` varchar(255) NOT NULL,
  `contact` varchar(255) DEFAULT NULL,
  `city` varchar(255) DEFAULT NULL,
  `address` varchar(255) DEFAULT NULL,
  PRIMARY KEY (`id`)
) ENGINE=MyISAM AUTO_INCREMENT=3 DEFAULT CHARSET=utf8mb4 COLLATE=utf8mb4_0900_ai_ci;

--
-- Dumping data for table `users`
--

INSERT INTO `users` (`id`, `name`, `email`, `password`, `contact`, `city`, `address`) VALUES
(1, 'Abhishek Paul', 'abpaul@gmail.com', '8a57678fd48643feb9ec638cd4e89bad', '8156765422', 'Siliguri', 'CollegePara'),
(2, 'Biswajit Paul', 'bpaul@gmail.com', '28dfdd7bb7e64a2a1b0fdc704ebd97a8', '9876565432', 'Siliguri', 'College Para');

-- --------------------------------------------------------

--
-- Table structure for table `users_items`
--

DROP TABLE IF EXISTS `users_items`;
CREATE TABLE IF NOT EXISTS `users_items` (
  `id` int(11) NOT NULL AUTO_INCREMENT,
  `user_id` int(11) NOT NULL,
  `item_id` int(11) NOT NULL,
  `status` enum('Added to cart','Confirmed') NOT NULL,
  PRIMARY KEY (`id`),
  KEY `user_id` (`user_id`),
  KEY `item_id` (`item_id`)
) ENGINE=MyISAM AUTO_INCREMENT=9 DEFAULT CHARSET=utf8mb4 COLLATE=utf8mb4_0900_ai_ci;

--
-- Dumping data for table `users_items`
--

INSERT INTO `users_items` (`id`, `user_id`, `item_id`, `status`) VALUES
(1, 1, 7, 'Confirmed'),
(2, 1, 10, 'Confirmed'),
(3, 1, 11, 'Confirmed'),
(4, 1, 5, 'Confirmed'),
(7, 2, 1, 'Confirmed'),
(8, 2, 7, 'Confirmed');
COMMIT;

/*!40101 SET CHARACTER_SET_CLIENT=@OLD_CHARACTER_SET_CLIENT */;
/*!40101 SET CHARACTER_SET_RESULTS=@OLD_CHARACTER_SET_RESULTS */;
/*!40101 SET COLLATION_CONNECTION=@OLD_COLLATION_CONNECTION */;
